власти,5,3.164557
культуры,3,1.8987341
политической,3,1.8987341
в,3,1.8987341
механизм,3,1.8987341
понятие,3,1.8987341
тип,3,1.8987341
участия,3,1.8987341
коммунизм,2,1.2658228
формирует,2,1.2658228
и,2,1.2658228
ограничивает,2,1.2658228
с,2,1.2658228
феномен,2,1.2658228
важно,2,1.2658228
толпы,2,1.2658228
политического,2,1.2658228
авторитаризм,2,1.2658228
собой,2,1.2658228
другой,2,1.2658228
категорически,2,1.2658228
представляет,2,1.2658228
теоретический,2,1.2658228
гносеологический,2,1.2658228
субъект,2,1.2658228
стороны,2,1.2658228
что,2,1.2658228
как,2,1.2658228
приводит,2,1.2658228
реферат,1,0.6329114
вероятна,1,0.6329114
утверждает,1,0.6329114
многие,1,0.6329114
тема,1,0.6329114
мировое,1,0.6329114
современной,1,0.6329114
социальная,1,0.6329114
авторы,1,0.6329114
неоднозначен,1,0.6329114
гуманизм,1,0.6329114
социализм,1,0.6329114
исходил,1,0.6329114
дал,1,0.6329114
политическое,1,0.6329114
маркс,1,0.6329114
коллапс,1,0.6329114
правило,1,0.6329114
правительства,1,0.6329114
к,1,0.6329114
придерживаются,1,0.6329114
маркса,1,0.6329114
м,1,0.6329114
н,1,0.6329114
о,1,0.6329114
чем,1,0.6329114
такие,1,0.6329114
п,1,0.6329114
исследование,1,0.6329114
россии,1,0.6329114
ф,1,0.6329114
прагматический,1,0.6329114
карл,1,0.6329114
лидерство,1,0.6329114
политологии,1,0.6329114
писали,1,0.6329114
капиталистическое,1,0.6329114
англо,1,0.6329114
аппарата,1,0.6329114
того,1,0.6329114
обретает,1,0.6329114
однозначно,1,0.6329114
советского,1,0.6329114
депутаты,1,0.6329114
политический,1,0.6329114
классический,1,0.6329114
отмечает,1,0.6329114
харизматическое,1,0.6329114
руководитель,1,0.6329114
луман,1,0.6329114
парадигма,1,0.6329114
или,1,0.6329114
демократия,1,0.6329114
американский,1,0.6329114
информационная,1,0.6329114
цитируя,1,0.6329114
идеологический,1,0.6329114
на,1,0.6329114
иллюстрирует,1,0.6329114
союза,1,0.6329114
государственной,1,0.6329114
думы,1,0.6329114
виду,1,0.6329114
доиндустриальный,1,0.6329114
континентально,1,0.6329114
вирилио,1,0.6329114
мнения,1,0.6329114
автор,1,0.6329114
чего,1,0.6329114
первый,1,0.6329114
верифицирует,1,0.6329114
революция,1,0.6329114
иметь,1,0.6329114
информационно,1,0.6329114
энгельса,1,0.6329114
технологическая,1,0.6329114
общество,1,0.6329114
такого,1,0.6329114
по,1,0.6329114
руссо,1,0.6329114
взгляд,1,0.6329114
кастельс,1,0.6329114
эпоха,1,0.6329114
тоталитаризма,1,0.6329114
исчерпывающее,1,0.6329114
труде,1,0.6329114
процесс,1,0.6329114
европейский,1,0.6329114
учение,1,0.6329114
из,1,0.6329114
